category,most_search
Drama,10 năm 3 tháng 30 ngày
Other,17
Other,30
Sports,AFGHANISTAN
Drama,BALAN VS XU WALES
Other,BAN TR
Other,BAO NGAM
Other,BIET
Sports,BONG DA TRUC TIEP
Drama,BORUTO
Drama,Ba lan vs
Horror,Bigfoot
Action,Biệt Đội Siêu Anh Hùng
Horror,Bác sĩ ma
Drama,Bẫy ngọt ngào
Drama,Bằng chứng thép phần
Music,CHIEN BINH AM NHAC
Animation,CONAN
Drama,CUOC C
Drama,Cung tâm kế
Animation,Cô Nàng Đầu Bếp Của Tôi
Horror,Cương Thi Lâm Chấn Anh
Drama,Cẩm y chi hạ phần 2
Other,DA BON
Animation,DATE A LIVE
Other,DEM TO
Romance,DUC VONG TINH TRUONG
Action,Equalizer 2
Drama,Fairy Tail
Other,GAI NGAN DO
Drama,Giao hữu giữavi
Drama,Gặp gỡ
Comedy,HAI HOAI LINH
Animation,HANAKO
Drama,HAU D
TV Channel,HTVC Gia
Other,HU
Animation,HUNTER XH
Drama,Harry Potter: Cuộc Thi Cúp Nhà Hogwarts
Drama,Hoa Thiên Cốt
Drama,Hoa du ký
Romance,Hoa gian tân nương
Drama,Hoàng phi hồng bí ẩn một huyền thoại
Drama,Hành trình công lý
Drama,Hồ sơ trinh sát
Drama,K
Drama,K-on
Drama,K: Sự Trở Về Của Các Đế Vương
Horror,KE QUYEN RU DAI TAI
Drama,KHU RUNG DOM DOM
Drama,KI UC TUOI18
Drama,KOI TO USO
Animation,KUROKO
Other,Kangsom Thanatat
Drama,Kingdom
Animation,LOP HOC SAT T
Romance,LOVE DEATH AND
Other,LUU L
Sports,Liverpool vs Real Madrid
Action,Liên Minh Công Lý: Phiên bản của Zack Snyder
Romance,"Love, Death & Robots Phần 3"
Drama,Ly nhân tâm thượng
Drama,Lê hấp
Drama,Lưu li mỹ nhân sát
Drama,MO BA
Horror,Ma tôi là đại gia
Other,Maru
Drama,Minh châu rực rỡ
Horror,Má tôi là đại gia
Drama,NAM G
Animation,NARUTO
Drama,NGHE SIEU KHO
Drama,NGOI TRUONG
Drama,NGUYEN LONG 3
Drama,NHAC
Drama,NHAC TAY BAC
Other,NHAT DA
Drama,NU N
Drama,Nghĩa Hải Hào Tình tập 6
Action,Người Nhện: Không Còn Nhà
Drama,Người thầy y đức
Action,Nhanh Và Nguy Hiểm 9
Drama,Những chàng trai tham vọng
Drama,Nấc
Romance,NỖI VƯƠNG VẤN
Drama,Nữ nhi nhà họ kiều
Other,OZ
Animation,One Piece tập 1019
Drama,Overlord
Drama,PENT
Other,PENTHOUSE
Drama,PHIM DIT NHAU
Drama,PONYO
Drama,Pentho
Romance,Phim truyền kỳ công chúa rắn
Drama,Phù dao hoàng
Drama,Prison Break Season 1
Action,RED NOTICE
Reality Show,RUNNING MAN
Other,Ri
Drama,SORI
Action,SPY
Horror,Shokugeki no souma
Drama,Shooting star
Drama,THA THI
C Drama,THẢ THÍ THIÊN HẠ
C Drama,TRU TA
Drama,Taxi driver
Other,Thanh
C Drama,Thanh Thanh tử khâm
Drama,Thanhg
Drama,The ShawShank
Drama,The pursuit of happiness
Reality Show,Thử Thách Thần Tượng
Romance,Tinhyeu
Drama,Trả giá
Drama,Tìm kiếm bằng giọng nói
Romance,Tôi xin cậu đấy ở lớp trưởng
Drama,U23
Other,VA
Drama,VALAK
Drama,VE D
Sports,VIET NAM AFGANISTANG
Sports,VN Afghan
Sports,VN bà af
TV Channel,VTV
Animation,VUA DAU BEP SOMA PHAN 1
Sports,Việt Nam
Sports,Việt Nam gặp Pakistan
Drama,Vẻ đẹp dích
Drama,Vẻ đẹp đích thực
Action,WANDA
Drama,Xuân Hoa Thu Nguyệt
Other,YOUTUBIII
Romance,Yahari Ore no Seishun Love Comedy wa
Drama,Youknockmeondoor1
Music,[official mv] cạm bẫy| ziog x dick x sol7 x ngắn (prod. charles.)| yomost vfl spring 2022 theme song
Sports,afgha
Sports,afghanistan
Animation,aikatsu
Reality Show,aikatsu - nhiệt huyết thần tượng (phần 1)
Sports,anime thể thao
Other,arc
Sports,argentina
Drama,argentina Italy
Sports,asian cup việt nam
Drama,attack on tian
Animation,attack on titan season 2 - shingeki no kyojin
Drama,ba lan vs xu wales
Horror,bac si ma
K Drama,bat ma pha an
Reality Show,be mbitious
Horror,bigfoot
Animation,bigfoot family
Drama,biệt đội đánh thuê
Other,bl
Romance,black clove
K Drama,bloody heart
Animation,bofuri
Drama,boku no hero academia (season 4)
Sports,bong da truc tiep
Sports,bong da truc tiêp
Sports,bong da viet nam
Comedy,bored to death s1
Animation,boruto
Drama,bungou stray dogs (season 3)
Animation,buruto
Sports,buổi tập thứ hai của đt u23 việt nam tại uzbekistan - bản tin bóng đá việt 01/06
Sports,buổi tập thứ hai của đt u23 việt nam tại uzbekistan - bản tin bóng đá việt 01/06 trực tiếp
K Drama,bàn tay diệt quỷ
Drama,bác sĩ
Horror,bác sĩ ma
Animation,bách quỷ dạ hành
Drama,bão cát
Action,bão trắng 1
Other,bé học chữ
Romance,bí mật không thể yêu đương
Horror,bí mật nơi góc tối
Sports,bóng
Sports,bóng đá
Sports,bóng đá việt nam
Sports,bóng đá việt nam vaf afg
Sports,bông
K Drama,bạn trai tôi là hồ ly
Other,bấm
Drama,bất động sản trừ tà
Romance,bầu trời tình yêu
Drama,bật thầy hoá trang
K Drama,bắt ma phá án
Reality Show,bắt ma phá án from now on showtime
Drama,bằng
Drama,bằng chứng thép
Drama,bằng chứng thép 3
Other,c
Drama,cafe slite
Other,can tho
Drama,cardcaptor sakura
Drama,chiêu trò lừa gạt
Action,chiến binh bình minh
Drama,chiến binh dong su
Other,cho kẹo hay bị ghẹo?
Horror,chuyến đi săn của quỷ
Drama,chuyếntàu
Animation,chuyển sinh thành nhện
Romance,chuyện chàng vệ sĩ và nàng siêu sao
Romance,chuyện tình
K Drama,chuyện đời bác sĩ
Drama,chàng
Drama,chàng hậu
C Drama,châu sinh như cố
Romance,chúng ta không biết yêu
Romance,chạm vào tim em
Drama,chỉ riêng mình em
Drama,cinderella man
Drama,co tien xanh
Drama,con là bí mật của mẹ
Drama,con tim sắt đá
Horror,con tàu ma
Drama,con tàu y đức
Animation,conan
Romance,cong chua aurora
K Drama,cuoc chien thuong luu 1
K Drama,cuộc chiến thượng lưu
Drama,cuộc chiến thượng lưu  thuyết minh
Drama,cuộc chiến thượng lưu 2 thuyết minh
K Drama,cuộc chiến thượng lưu 3
Romance,cuộc chiến tình yêu
Drama,cuộc sống thượng lưu
C Drama,cá mực hầm mật
Other,cái bống sư tử mèo lười
Drama,câu hẹn câu thề
K Drama,câu lạc bộ báo thù
Other,cây
Romance,có  lẽ là  yêu
Other,cô
K Drama,cô  nàng xinh đẹp
Animation,cô bé quàng khăn đỏ
Comedy,cô dâu nhập khảu
Animation,cô nàng
Animation,cô nàng mạnh mẽ do bong soon
Animation,cô nàng trong trắng
K Drama,cô nàng trong trắng oh woo ri
Animation,cô nàng đầu bếp của tôi
Animation,cô nàng đẹp trai
Drama,cô phù thủy nhỏ sabrina
K Drama,cô tiên dọn dẹp
Drama,cô vợ bắt buộc
Romance,công chúa
Animation,công chúa aurona
Animation,công chúa aurora
Animation,công chúa cá vàng
Animation,công tố viên chuyển sinh
Drama,côngtốvi
Romance,cùng em đi đến tận cùng thế giới
Romance,cùng em đi đến đỉnh vinh quang
Romance,cạm bẫy tình yêu
Drama,cả thế giới đều không bằng em
Drama,cảnh đẹp ngày vui biết bao giờ
C Drama,cẩm tâm tưan ngọc
Action,cậu bé karate
Drama,cậu nhóc tinh nghịch
Drama,cổ tích ngàn sao
Action,cứu hỏa
Sports,da banh v n akalitan
Action,deadpool
Animation,demon slayer: kimetsu no yaiba entertainment district arc
Animation,diamond of ace
Other,do
Animation,doraemon
Other,doremon
Drama,duoi mai  vom
Drama,dâu biet
Horror,dòng quỷ
C Drama,dư sinh xin chỉ giáo nhiều
Drama,dẫu biết
Drama,dập tắc lửa lòng
Horror,dị thế ma vương
Romance,dục vọng tình yêu
C Drama,em là thành trì doanh lũy của anh
Romance,em là định mệnh của anh
C Drama,em đẹp nhất là khi mỉm cười
Animation,exchange student zero s1
Animation,fairy tail
Animation,fairy tail season 3
Other,fool
Drama,gaki ni modotte yarinaoshi
Drama,ghost rider
Drama,giao
Sports,giao hửu bóng đá
Reality Show,giác quan thứ sáu
Action,giọnghátviệtnhí2019tập14
Other,giống nòi phần 3
Music,glee việt nam
Music,golden music
Sports,gái già lắm chiêu
Horror,gã không mặt
Action,gã tồi
Other,gói champion
Romance,"gửi anh, người từng yêu em"
Drama,hacanhnoianh
K Drama,hai tuần
K Drama,happiness
Drama,happiness chocolate
K Drama,hau due mat troi
Drama,him trung ngắn
Drama,hoa của quỷ
Horror,hoa của quỷ thuyết minh
K Drama,hoa du ký
C Drama,hoa gian nương tử
C Drama,hoa gian tân nương
K Drama,hoang hau ki
Drama,hoàng tử ếch
Action,hoắc nguyên giáp
Animation,hunter x hunter
Drama,huyết ngải
Action,hàng long phục  hổ
C Drama,hàng xóm của tôi không chịu lớn VIETSUB
Other,hào quang
C Drama,hóa gian ta7n nương
Drama,hôn nhân giả
Drama,hương mùa hè
Horror,hương mật tựa khói sương
K Drama,hạ cánh nơi anh
C Drama,hải thượng phồn hoa
Drama,hải đường kinh vũ yên chi thấu
K Drama,hậu duệ mặt trời
Drama,hậu duệ mặt trời việt nam
Drama,hẹn hò chốn công sơt
K Drama,hẹn hò chốn công sở
Animation,học viện anh hùng (phần 1)
Drama,học viện anh hùng (phần 2)
Drama,học viện anh hùng (phần 4)
Drama,hồ sơ trinh sát
Drama,hồng
Drama,hội pháp sư
Animation,infinite dendrogram
Drama,inuyasha
Action,iron
Drama,italya vs agentina
Drama,john wick
Animation,jujutsu kaisen
Action,jurassic world
Other,k
Animation,k-sự trở lại của các đế vương
K Drama,ke quyen ru dai tai
Reality Show,"keep running man Trung phần 5 tập 1,2"
Horror,khi màn đêm gợn sóng
Drama,khu
K Drama,khách sạn ánh trăng
Drama,khát vọng giàu sang
Drama,không phải trả thù sami
Romance,không thèm yêu đương với sếp
Animation,khủng long
K Drama,"kill me, heal me"
Drama,kim
Animation,kimetsu no yaiba
Horror,kinh dị
Action,kungfu
Sports,kênh bóng đá vtv6
Other,kênh của pháp sư gunny
Other,kênh nh
TV Channel,kênh vtv6
Horror,kẻ
Horror,kẻ  quyến rũ đại tài
Romance,kẻ nói dối  và người. tình
Horror,kẻ quyến rũ đại tài
Horror,kẻ quyến rủ đại tài
Romance,kế hoạch nguồn nhịp tim
Other,l
Drama,l.a. confidential
Other,leach
Other,lee
Drama,lee min ho
Other,letra
Sports,lich thi đấu u23 châu á
K Drama,little forest
Music,liên khúc bolero
Drama,luật trời
Drama,làng
Drama,làng trong phố
Music,lâm chấn khang
C Drama,lê hấp đường phèn
Action,lính bắn tỉa: nhiệm vụ tối mật
Action,lò võ
Drama,lưu ly mỹ nhân sát
Drama,lưới trời
Horror,lưỡi
Action,lưỡi cưa 9
Animation,lưỡi gươm diệt quỷ
Other,lại
C Drama,lạp tội đồ giám
C Drama,lấy danh nghĩa người nhà
Action,lật mặt
Romance,lệnh cho trái tim ngừng yêu em
Sports,lọ lem của anh
Horror,lời nguyền ma lai
Horror,lời nguyền ma lai tập 39
Drama,lỡ và vào nhau
Other,m
Animation,ma cà rồng quý tộc
Animation,maika
Horror,manh phi giá đáo
Other,massya
Other,mbc
Drama,minh châu rực rỡ
Drama,minh lan truyện
Horror,miễn bầu trời còn có mặt trời
Other,mobius
Drama,moi han truyen kiep
Drama,mr queen
Drama,mr robot
K Drama,muốn gặp anh
Other,my
Drama,my spy
Horror,má tôi là đại gia tập 18
Horror,má tôi là đại gia tập 21
C Drama,mây họa ánh trăng
Animation,mèo oggy và những chú gián tinh nghịch
Sports,mùa hè của hương bạc hà
Sports,mùa hè yêu dấu của chúng ta
Sports,mùahècủahươngbạchà
Horror,mật mã đố kỵ
Horror,mặt
Drama,mặt nạ thủy tinh
Drama,mặt trái của công lý
K Drama,mặt trăng ôm mặt trời
Drama,mị nguyệt truyện
Romance,mối tình nồng thắm
Romance,mối tình đầu
C Drama,mộng hoa lục
C Drama,mộng tỉnh trường an
Music,một mai em đi
C Drama,một đời một kiếp
Other,mở cài đặt
Other,mở cơm
TV Channel,mở vtv1 trong 360
Music,mở vòng cổ cải lương
C Drama,mỹ nhân mộ bạch thủ
Animation,naruto
Other,next
Drama,next sport
Drama,nghìn lẻ một đêm
C Drama,nghĩa hải hào tình
Horror,nghệ thuật săn quỷ
K Drama,nghệ thuật săn quỷ và nấu mì
K Drama,nghệ thuật săn quỷ và nấu mỳ
Action,ngoài vòng pháp luật
Drama,nguoi dam phan
Music,ngân 98 remix
Drama,ngôi nhà náo nhiệt
Comedy,ngôi sao siêu ngố
Drama,người
Drama,người bố xa lạ
Drama,người giúp việc
Drama,người hùng
Drama,người phiên dịch
TV Channel,người thương kẻ nhớ
Drama,người thầy y đức
Drama,người thầy y đức 2
Romance,người tình của khang hy
Drama,người vận chuyển
Romance,người yêu của tôi là sao hạng a
Drama,người đàn bà đặc biệt
Animation,người đẹp tóc mây
Other,ngọc
C Drama,ngự giao ký
Other,nhac fhieu nbi
C Drama,nhu y phu
Drama,nhà có 5 nàng dâu
Music,nhạc remix
Music,nhạc trữ tình
C Drama,nhất dạ tân nương
C Drama,nhất dạ tân nương 2
K Drama,nhật kí tự do của tôi
Drama,nhật ký thường ngày của tiên vương
Drama,nhật ký tự do
Drama,những chàng trai tham vọng
Drama,những người bạn
Drama,no game no life
C Drama,noi vuong van cua ha tien sinh
Drama,nong da
Drama,nàng dâu đại gia
Romance,nàng vệ sỉ của tôi
Drama,nước cờ đi vào tim em
Drama,nếu em bình an đó mới là ngày đẹp trời
Romance,nếu ốc sên có tình yêu
Drama,nội dung
Romance,nợ tình
Drama,nụ hôn tử thând
Romance,nửa là đường mật
Drama,nửa đêm
Action,nữ sát thủ
Other,o
Romance,oan gia
Horror,oan hồn ma nữ
Other,oce
Other,ohrora
Other,on
Sports,on fooball
Sports,on football
Drama,on plus
Sports,on sp
Drama,one pice
Animation,one punch man
Drama,overlord iii
Other,palma
C Drama,pbim đại đường vinh diệu
K Drama,penth
Other,penthouse
Drama,penthouse 1
Drama,penthouse 2
Drama,penthouse 3
Drama,penthouse special episodes
K Drama,penthouses cuộc chiến thượng lưu
Drama,phi hổ
Other,phim
Horror,phim anh nui
Action,phim còn dâu ông trùm
Drama,phim giọng nói
K Drama,phim han quoc nguoi thua ke
Sports,phim hoa hong mua chịu
Drama,phim hành động
Drama,phim hành động hay
Horror,phim kinh dị
Drama,phim lưới trời
Horror,phim ma
Drama,phim nữ vương tập 41
Drama,phim sex
Drama,phim thái lan
Drama,phim thái lan cô dâu bắt dat di
Romance,phim trói buộc yêu thương
Sports,phim vietnam
Action,phim võ thuật
Action,phim xã hội đen hồng kim bảo
Drama,phong bạo vũ
C Drama,phàm nhân tu tiên
C Drama,phượng muu hoàng kế
Drama,phạm nhân
Drama,phẩm chất quý cô
Other,pinochio
Drama,pokemon
Animation,pucca (phần 3)
Action,qua nhanh quá nguy hiên 9
Other,queen
Drama,quá nhanh quá nguy hiểm 6
Drama,quý phu nhân và chàng hầu
Romance,quý ông hoàn hảo và cô nàng tạm được
Action,raid
Drama,resident evil: retribution
Drama,rick and morty s5
Animation,robot trái cây 2
Reality Show,running
Reality Show,running man
Reality Show,running man keep
Comedy,rể nhà nông
Drama,sakura
Drama,sakura - thủ lĩnh thẻ bài
Romance,san tinh yeu
Drama,sao
K Drama,sao băng
Drama,sao băng vietsub
Drama,sao hoa nhập
Other,sex
Animation,shinka no
Animation,shokugeki no souma: shin no sara
Drama,shooting stars
Drama,sinh tử
Reality Show,sixth
Drama,siêu cúp
Action,siêu nhân
Action,siêu nhân: không ràng buộc
Drama,snow drop
Romance,so troi đã đinh anh yêu em
Music,song karaoke
Drama,song tinh diệt quỷ
Horror,spider man
Animation,spy x family
Action,star wars: jedi cuối cùng
Other,stc14
Drama,sắc đẹp ẩn dấu
Drama,sắc đẹp ẩn giấu
Drama,sự trở về của các đế vương
Drama,tam sinh tam thế
C Drama,tam sinh tam thế thập lí đào hoa
Drama,taxi drive
Comedy,"taxi, em tên gì?"
Sports,tenis
Animation,tensei shitara slime datta ken s2
Horror,thanh guong diet quy
Animation,thanh gươm diệt quỷ
Animation,thanh gươm diệt quỷ: chuyến tàu vô tận
Horror,thanh gươm diệt quỷ: phần kỹ viện trấn
C Drama,thanh thanh tử khâm
Drama,thanh xuân năm ấy anh còn ở đây
Horror,thanhguomdietquy
Drama,the avengers
Reality Show,the great exscape
K Drama,the killer's shopping list
Drama,the pacific
Drama,the red sleeve cuff
Reality Show,the sixth sense
Drama,the witch
C Drama,thiên long bát bộ
Drama,thiên nga bóng đêm
Drama,thiên thần hộ vệ
Drama,thiên tài lang băm
Other,thiết quan âm
Other,thiếu nhi
Animation,thiếu niên ninja rùa đột biến
Other,thuyết minh
Horror,thuỷ mặc nhân sinh
Drama,thân ái chí ái
Drama,thích thì làm thôi
Drama,thính tuyết lâu
Drama,thương ngày nắng về
Drama,thương ngày nắng về phần 2
C Drama,thượng thực
C Drama,thả thi thien ha
Drama,thả thí Thiên hạ
C Drama,thả thí thiên hạ
Animation,thất hình đại tội
Reality Show,thần tượng đến rồi
C Drama,thập nhị đàm
Romance,thật lòng yêu em
Animation,thế giới hoàn mỹ
Drama,thế giới động vật
Drama,thị trấn về đêm
Other,thời
Drama,thử thách thần chết: giữa hai thế giới
Drama,tiec trang mau
Drama,tik tak tail
News,tin tức kinh doanh
Romance,tinh yeu nhi phan
Other,titan
Drama,tiên nữ cử tạ kim bok joo
Drama,tiểu nương tử nhà tướng quân
C Drama,tiểu nữ nghê thường
Drama,tiểu thư sinh
Horror,tiểu thư uy quyền
Drama,tiệm bánh dorayaki
Animation,tokyo ghoul:re season 2
Animation,tokyo revengers
Horror,tom and jerry
Drama,train to busan
C Drama,triệu lệ dĩnh
Action,tro ve nam 1989
C Drama,tru tiên
Sports,truc tiep bong da
Sports,truc tiep bong da viet nam
Sports,truc tiep bong đa
Sports,truc tiep dong da
Other,truc tiep hom nay
Drama,true beauty
Sports,truevn
Other,trung
Drama,truy cầu
Other,truyen
TV Channel,truyen hinh dong
Other,trà
Romance,trái tim bé bỏng
Drama,trò
Drama,trò chơi khát vọng
Drama,trò chơi tình ái
Drama,trò chơi vương quyền s3
Sports,trưc tiep bóng da hôm nay
C Drama,trường an như cố
C Drama,trường ca hành
Action,trường học cướp biển
Drama,trầm vụn hương phai
Drama,trận đá bóng 1h45 tối nay
Drama,trục t
Music,trữ tình
Drama,trực tiếp
Sports,trực tiếp bóng đá
Sports,trực tiếp bóng đá Việt Nam afganistan
Sports,trực tiếp bóng đá việt nam gặp AFG
Sports,trực tiếp bóng đá việt nam vs thái lan
Sports,trực tiếp bóng đá đội tuyển Việt Nam
Sports,trực tiếp bóngđá
Sports,trực tiếp đội tuyển Việt Nam Afghanistan
Drama,tuyết
Sports,tuyển Việt Nãm
Sports,tuyển tập: phim ngắn việt nam
Drama,twilight
K Drama,two weeks
Drama,tái
Drama,tái sinh để bao thù tâp 7
Drama,tái sinh để báo thù
Romance,tân
Sports,tân hiệp hung vs quang nam
Other,tây
C Drama,tây du ký
Romance,tình
Romance,tình chị duyên em
Romance,tình công sở
Romance,tình một đêm
Romance,tình thiên thu
Romance,tình yêu hệ nhị phân
Romance,tình yêu hệ phi nhân
Romance,tình yêu và hôn nhân
Romance,tình yêu vượt đại dương
Romance,tín hiệu trái tim
Drama,tôi thấy hoa vàng trên cỏ xanh
Drama,túy linh lung
Sports,tường thuật bóng đá Việt Nam Afghanistan
Drama,tạ đình phong
Sports,tại sao boss muốn cưới tôi
Drama,tấm cám: chuyện chưa kể
Drama,tấm vé
TV Channel,từng cơn sónh bỗ
Sports,u23 Việt Nam
Sports,u23 châu á
Sports,u23 việt nam
Horror,ultraman
Romance,unforgettable love
Sports,viet nam
Sports,viet nam - af
Sports,viet nam afakistan
Sports,viet nam aganni
Sports,viet nam va aganistan
Sports,viet nam vs a
Sports,viet nam vs afanigsan
Other,vietnamese film
Drama,violet evergarden
Sports,viêt nam vs bakissatan
Sports,viẹt nam
Sports,viết nam vs
Sports,việt nam
Sports,việt nam gặp afghanistan
Sports,việt nam vs
Sports,việt nam vs afg
Sports,việt nam vs afghanistan
Sports,việt nam vs karakittan
Sports,việt nam vs ấhiptan
Sports,việtna
Drama,vo tac thien
TV Channel,vtv
TV Channel,vtv5
TV Channel,vtv6
Horror,vua bếp soma
Animation,vua bếp soma (phần 2)
Animation,vua bếp soma (phần 5)
Drama,vua hải tặc
Romance,vô tình nhặt được tổng tài
Romance,vô tình nhặt được tổng tài thuyet minh
Romance,vô tình nhặt được tổng tài thuyết minh
C Drama,võ mỵ nương truyền kỳ
Action,võ thuật
Horror,vùng đất quỷ dữ
Drama,vương triều dục vọng
Drama,vườn sao băng
Horror,vẻ đẹp ma mị
K Drama,vẻ đẹp đích thực
Drama,vẽ đường cho yêu chạy
K Drama,vẽ đẹp đích thật
Drama,vẽ đẹp đích thực
Drama,về nhà đi con phần 2 tập 1
Action,vệ sĩ sát thủ
Other,wa
Reality Show,weekly idol
Sports,xem lại nadal
Drama,xuân hoa thu nguyệt
Drama,xứ wales vs ba lan
Romance,yeu em tu cai nhin dau tien
Drama,you raise me up
Drama,you tone
Music,your lie in
Other,yuri
Romance,yêu
Romance,yêu em từ cái nhìn đầu tiên
Romance,yêu nhầm chị dâu
Romance,yêu thầm
K Drama,yêu tinh
Drama,yêu từng centimet
Romance,yêuemtừcái
K Drama,Ôi loại nữ hoàng mùa
Drama,ê nhỏ lớp trưởng
Drama,ông ngoại
Drama,ông ngoại tuổi 30
Drama,ý vs aghentina
Drama,ý vs argentina
Drama,Đam Mỹ
Drama,đao kiếm thần vực (phần 1)
Drama,điều kì diệu ở phòng giam số 7
TV Channel,đài vtv3
Sports,đá bóng nv
Drama,đêm
Sports,đôi tuyển việt nam trực tiếp
C Drama,đông cung
K Drama,đường hầm
Drama,đại
Drama,đại chiến titan
Drama,đạp huyết tầm mai
Drama,đảo Kiem thân vực
Drama,đấu trường ảo
Drama,đẹp trai là số một
Romance,định chế tình yêu
Drama,định mệnh trái ngang
Sports,đối tuyển Việt Nam đã giao hữu 1/6/2022
Drama,đồng hồ yêu quái
Drama,đứa con từ trên trời rơi xuống
Drama,đừg gọi anh là cậu chủ
Drama,đừng nhờn với chị
Horror,ấn Quỷ
Action,ẩn danh
C Drama,ỷ thiên đồ long kỹ
